name,type,slugBarrington,municipality,barrBristol,municipality,bristolBurrillville,municipality,burrCentral Falls,municipality,centCharlestown,municipality,charlestownCoventry,municipality,coventryCranston,municipality,cranstonCumberland,municipality,cumberEast Greenwich,municipality,egreenEast Providence,municipality,eastprovExeter,municipality,exeterFoster,municipality,fosterGlocester,municipality,glocHopkinton,municipality,hopJamestown,municipality,jamesJohnston,municipality,johnLincoln,municipality,lincLittle Compton,municipality,littlecompMiddletown,municipality,middleNarragansett,municipality,narrNew Shoreham,municipality,newshoreNewport,municipality,newportNorth Kingstown,municipality,nkingNorth Providence,municipality,nprovNorth Smithfield,municipality,nsmithPawtucket,municipality,pawPortsmouth,municipality,portProvidence,municipality,provRichmond,municipality,richmondScituate,municipality,scituateSmithfield,municipality,smithSouth Kingstown,municipality,skingTiverton,municipality,tivWarren,municipality,warrenWarwick,municipality,warwickWest Greenwich,municipality,wgreenWest Warwick,municipality,wwarWesterly,municipality,westerlyWoonsocket,municipality,woonsocket